variant,concurrent_recommendations,recommendations,contexts_per_recommendation,recommendations_with_errors,es_requests,peak_client_queries,wall_seconds,completed_recommendations_per_second,p50_ms,p95_ms,p99_ms,es_process_cpu_ms,es_gc_ms,search_rejections,shard_queries,max_sampled_search_queue,max_sampled_heap_percent,round
bounded_recent,1,240,5,0,2400,6,10.679600333,22.472751087734924,33.562,78.552,85.539,21150,794,0,42000,26,84,r1
bounded_recent,16,240,5,0,2400,84,9.603575292,24.99069280999187,632.463,698.132,806.421,18550,606,0,42000,400,75,r1
bounded_recent,8,240,5,0,2400,44,10.042886083,23.897512927708867,323.525,390.882,398.127,20880,835,0,42000,216,80,r1
expiry,1,240,5,0,1200,5,6.298522334,38.1041754356348,14.936,65.351,77.151,10820,542,0,36000,22,78,r1
expiry,16,240,5,0,1200,80,4.772431833,50.28882724745668,309.692,367.308,371.889,10210,663,0,36000,397,79,r1
expiry,8,240,5,0,1200,40,5.417491334,44.30094765334792,181.506,276.801,283.987,10630,682,0,36000,196,78,r1
separate_recent,1,240,5,0,2400,6,11.019484834,21.779602550882736,28.3,86.064,95.053,23530,788,0,42000,26,82,r1
separate_recent,16,240,5,0,2400,96,9.63013425,24.9217709503894,619.585,779.743,799.564,19510,874,0,42000,435,65,r1
separate_recent,8,240,5,0,2400,48,9.855934834,24.350810353582336,318.315,392.97,467.561,19550,651,0,42000,236,86,r1
bounded_recent,1,240,5,0,2400,6,10.081576,23.805801791307232,34.943,70.385,79.056,20710,631,0,42000,26,85,r2
bounded_recent,16,240,5,0,2400,84,9.727473708,24.672387425999506,649.683,704.521,772.035,19640,827,0,42000,399,84,r2
bounded_recent,8,240,5,0,2400,44,9.973162708,24.064582823609538,321.126,376.465,386.474,18760,1051,0,42000,204,76,r2
expiry,1,240,5,0,1200,5,5.37502675,44.65094057438877,15.773,55.49,62.159,10490,474,0,36000,21,68,r2
expiry,16,240,5,0,1200,80,4.61455975,52.00929514456932,305.105,354.267,358.353,8540,620,0,36000,396,51,r2
expiry,8,240,5,0,1200,40,4.849070667,49.49401988164508,172.165,196.394,199.265,10390,700,0,36000,197,84,r2
separate_recent,1,240,5,0,2400,6,10.063625458,23.848264325975475,26.056,78.643,93.622,21150,720,0,42000,26,76,r2
separate_recent,16,240,5,0,2400,96,10.006449375,23.984531476231048,679.472,807.487,859.28,20530,789,0,42000,455,69,r2
separate_recent,8,240,5,0,2400,48,9.77599425,24.549932606599068,318.669,368.18,384.529,20420,716,0,42000,232,78,r2
bounded_recent,1,240,5,0,2400,6,10.289463791,23.32483061069941,33.269,72.383,82.467,21210,629,0,42000,26,84,r3
bounded_recent,16,240,5,0,2400,84,9.8486215,24.36889264147272,672.258,705.414,767.162,18980,862,0,42000,404,70,r3
bounded_recent,8,240,5,0,2400,44,9.954729834,24.1091424882561,325.139,378.199,391.103,21580,901,0,42000,204,83,r3
expiry,1,240,5,0,1200,5,5.152837708,46.57627769401505,15.238,54.491,59.317,10230,421,0,36000,21,78,r3
expiry,16,240,5,0,1200,80,4.678957166,51.29348089441347,308.397,350.362,358.468,8380,401,0,36000,397,83,r3
expiry,8,240,5,0,1200,40,4.850985917,49.474478818611665,173.187,195.564,197.744,10550,567,0,36000,196,83,r3
separate_recent,1,240,5,0,2400,6,9.843095375,24.38257386081662,24.288,78.225,82.959,19210,745,0,42000,26,71,r3
separate_recent,16,240,5,0,2400,96,9.76240425,24.584107956807873,638.529,782.894,797.951,20980,911,0,42000,418,74,r3
separate_recent,8,240,5,0,2400,48,10.135554834,23.679019444985226,327.536,423.108,479.997,19390,768,0,42000,232,76,r3
